,number,value,params_gamma,params_tau,state
0,0,38.57385738573858,1e-06,0.01,COMPLETE
1,1,37.163716371637165,3.8886872992204e-06,0.07610211594813743,COMPLETE
2,2,39.31393139313931,6.19670849344218e-06,0.08822011471144152,COMPLETE
3,3,38.4038403840384,1.019390321364207e-06,0.02493923562525494,COMPLETE
4,4,31.783178317831783,2.1287205954551857e-06,0.007901425888049322,COMPLETE
5,5,37.71377137713771,2.0605565642467134e-06,0.09467279770552414,COMPLETE
6,6,40.234023402340235,7.903062097788719e-06,0.04804846233291882,COMPLETE
7,7,38.993899389938996,2.199978436833884e-06,0.03888916939403328,COMPLETE
8,8,39.74397439743974,7.642678619551806e-06,0.06943921813165005,COMPLETE
9,9,39.69396939693969,3.415331244149375e-06,0.02253045830664607,COMPLETE
10,10,45.984598459845984,9.666836947115186e-06,0.03943272802313799,COMPLETE
11,11,29.252925292529252,1.2060132039460923e-06,0.011195847663174874,COMPLETE
12,12,31.95319531953195,6.318670004996898e-06,0.055706167618015875,COMPLETE
13,13,36.22362236223623,3.5835290957663326e-06,0.08742913381078284,COMPLETE
14,14,30.793079307930793,2.5858783568178564e-06,0.08406513581695291,COMPLETE
15,15,34.36343634363436,7.674943053497198e-07,0.06772578283319654,COMPLETE
16,16,37.15371537153715,5.772705334730454e-06,0.0799510982261953,COMPLETE
17,17,27.47274727472747,1.3522890953633971e-06,0.00981745902800129,COMPLETE
18,18,31.753175317531753,5.32519687993491e-06,0.02253657389050782,COMPLETE
19,19,44.034403440344036,8.492385221067279e-06,0.044128768371876174,COMPLETE
20,20,36.23362336233623,3.2324732332435577e-06,0.03616868540218946,COMPLETE
21,21,45.4045404540454,6.470590284734529e-06,0.07816336462103513,COMPLETE
22,22,37.883788378837885,9.51049189813146e-06,0.024234163352745298,COMPLETE
23,23,38.52385238523852,1.6449791328497028e-06,0.09533627559316772,COMPLETE
24,24,40.16401640164016,2.3946546479940995e-06,0.040807645111829056,COMPLETE
25,25,38.63386338633863,8.951696279091795e-06,0.0033852822708523612,COMPLETE
26,26,31.973197319731973,8.44099156456169e-06,0.09135581466914489,COMPLETE
27,27,30.533053305330533,7.153563344650912e-07,0.004347590672061042,COMPLETE
28,28,33.58335833583359,5.393259227750401e-07,0.09902663400138785,COMPLETE
29,29,39.093909390939096,9.704706833718686e-06,0.09043500518178929,COMPLETE
30,30,39.06390639063906,8.307715701015107e-06,0.016974366160741248,COMPLETE
31,31,34.69346934693469,2.705042844374378e-07,0.007402366173635911,COMPLETE
32,32,44.704470447044706,8.697078024514133e-06,0.04679167968636058,COMPLETE
33,33,44.38443844384438,8.170779222708291e-06,0.022797215016980364,COMPLETE
34,34,40.374037403740374,1.861632998172822e-06,0.08135446537115906,COMPLETE
35,35,41.344134413441346,1.0305659011229144e-06,0.07554372503636879,COMPLETE
36,36,38.933893389338934,8.540345766254881e-06,0.08812898536071653,COMPLETE
37,37,36.9036903690369,8.476847488300576e-06,0.02626560400836939,COMPLETE
38,38,28.112811281128113,1.1067995428412947e-06,0.008984320019451687,COMPLETE
39,39,33.003300330033,5.336553785833071e-07,0.041684478972097316,COMPLETE
40,40,37.81378137813781,6.711501583925396e-06,0.045534256552275554,COMPLETE
41,41,38.47384738473848,2.9053248015574485e-06,0.04395201619430683,COMPLETE
42,42,32.313231323132314,8.212387238493084e-06,0.08108971192197692,COMPLETE
43,43,32.14321432143215,3.7305380017302832e-06,0.012096664848270666,COMPLETE
44,44,38.87388738873888,4.053664180491601e-06,0.09605720958459592,COMPLETE
45,45,31.703170317031702,4.165651881256846e-06,0.03241895098752958,COMPLETE
46,46,39.82398239823983,4.519425048087167e-06,0.07976263112480446,COMPLETE
47,47,47.94479447944794,7.448596235546098e-06,0.042376201021720836,COMPLETE
48,48,32.703270327032705,7.989451089412198e-07,0.057812568072060554,COMPLETE
49,49,36.443644364436445,1.1445078236559913e-06,0.07811830468024533,COMPLETE
50,50,45.57455745574558,3.03617924590622e-06,0.04393224988941995,COMPLETE
51,51,39.74397439743974,2.460958183718012e-07,0.09524712296306412,COMPLETE
52,52,41.494149414941496,9.204893816373109e-06,0.07305448535795292,COMPLETE
53,53,41.31413141314131,1.417158002865878e-07,0.07874045893643776,COMPLETE
54,54,39.54395439543955,7.762873921372019e-06,0.06896188397597551,COMPLETE
55,55,38.35383538353835,7.3728328721678495e-06,0.05003030121864152,COMPLETE
56,56,27.412741274127413,6.858376710134089e-06,0.005997104751306369,COMPLETE
57,57,29.142914291429143,8.175921119941466e-06,0.007368391331032381,COMPLETE
58,58,36.36363636363637,2.351429687468697e-06,0.003722381884481634,COMPLETE
59,59,33.74337433743374,5.603637076085819e-06,0.09767710208678046,COMPLETE
60,60,38.083808380838086,7.112994610129495e-07,0.019942233104982072,COMPLETE
61,61,39.2039203920392,6.826299123180091e-06,0.03789837923138624,COMPLETE
62,62,36.75367536753675,1.7526994132436262e-06,0.05712348001330095,COMPLETE
63,63,41.55415541554156,1.1466431478077883e-06,0.07767902055322534,COMPLETE
64,64,45.13451345134513,1.8311274092870657e-06,0.08119853125284683,COMPLETE
65,65,40.68406840684069,4.864587250577695e-06,0.09595708403849453,COMPLETE
66,66,37.89378937893789,3.0303465635273467e-06,0.018298493098643738,COMPLETE
67,67,42.994299429943,5.45010978921809e-07,0.04105205812724714,COMPLETE
68,68,29.652965296529654,6.833304439968908e-06,0.08695544022435049,COMPLETE
69,69,39.613961396139615,1.6561062064433434e-06,0.09495303775345625,COMPLETE
70,70,41.61416141614161,5.232029846237943e-06,0.031047027385117842,COMPLETE
71,71,40.374037403740374,8.900966317768419e-06,0.05546521630791962,COMPLETE
72,72,31.663166316631663,9.616483924240475e-06,0.08131871940952276,COMPLETE
73,73,40.524052405240525,1.7300832909867687e-06,0.07873843494850291,COMPLETE
74,74,40.15401540154016,1.362315718457685e-06,0.07427379390142566,COMPLETE
75,75,38.43384338433843,7.220582308658272e-06,0.021842615384004144,COMPLETE
76,76,46.144614461446146,9.617515626547906e-06,0.020375452874137227,COMPLETE
77,77,38.213821382138214,2.8347158547221645e-06,0.08631708744080356,COMPLETE
78,78,38.59385938593859,2.9564103767591005e-06,0.048733978076905014,COMPLETE
79,79,44.594459445944594,6.747758060127019e-06,0.029504122983162785,COMPLETE
80,80,39.92399239923992,6.192050177630944e-06,0.04681513657695882,COMPLETE
81,81,35.18351835183518,8.662491007202324e-06,0.06703485065359858,COMPLETE
82,82,39.953995399539956,4.878724888148274e-06,0.045372846945144346,COMPLETE
83,83,36.9036903690369,3.478318460956568e-06,0.06386284299536621,COMPLETE
84,84,31.343134313431342,6.511934383178798e-06,0.019463340470944352,COMPLETE
85,85,33.59335933593359,4.7377685588532945e-06,0.03697129859805987,COMPLETE
86,86,40.804080408040804,6.752152242493138e-06,0.06567711509361096,COMPLETE
87,87,29.072907290729074,4.176777266113041e-06,0.007968750993830431,COMPLETE
88,88,39.423942394239425,9.049593168822504e-06,0.01873899603342133,COMPLETE
89,89,38.62386238623862,7.29832702254329e-06,0.07955554862051052,COMPLETE
90,90,46.474647464746475,1.2953971137129022e-06,0.055330144089525746,COMPLETE
91,91,30.003000300030003,8.408484641193006e-06,0.015264930484465061,COMPLETE
92,92,41.93419341934194,6.080142608081239e-07,0.048479581486127035,COMPLETE
93,93,34.02340234023402,9.15425582903005e-06,0.009636328748160297,COMPLETE
94,94,39.473947394739476,8.145900455518894e-06,0.013635539512923872,COMPLETE
95,95,46.044604460446045,4.681488168013112e-06,0.07121251955386991,COMPLETE
96,96,39.78397839783979,3.5771524484159293e-06,0.08110331529268461,COMPLETE
97,97,27.562756275627564,9.932222687432265e-06,0.027661314927154262,COMPLETE
98,98,38.753875387538756,7.735251398641252e-06,0.04881690678987662,COMPLETE
99,99,34.13341334133413,1.9465932457607958e-06,0.010221095544281949,COMPLETE
100,100,32.713271327132716,3.1629806666566547e-06,0.07935354645466203,COMPLETE
101,101,38.263826382638264,2.864983090294911e-07,0.05260790767672306,COMPLETE
102,102,42.98429842984298,3.6795834185404346e-06,0.01884292498644108,COMPLETE
103,103,42.204220422042205,4.070338375645104e-06,0.07239512069519331,COMPLETE
104,104,40.3040304030403,2.805352365254909e-06,0.09844094142737018,COMPLETE
105,105,38.893889388938895,5.67297544748714e-06,0.031813046452082105,COMPLETE
106,106,37.37373737373738,2.1876562986455224e-06,0.008070523210190065,COMPLETE
107,107,38.803880388038806,1.96561594162203e-06,0.04692806551460809,COMPLETE
108,108,41.64416441644164,5.280688733152914e-06,0.07739515548783331,COMPLETE
109,109,38.3038303830383,1.3474904913254912e-07,0.05981866845970284,COMPLETE
110,110,39.67396739673967,9.97686410474073e-06,0.04805355789890246,COMPLETE
111,111,39.083908390839085,9.962804680032822e-06,0.04802181146279025,COMPLETE
112,112,40.284028402840285,2.8934581944473186e-06,0.049086917990066994,COMPLETE
113,113,40.22402240224022,2.4799614571859214e-06,0.04352869504290805,COMPLETE
114,114,39.033903390339034,2.4853905975816144e-06,0.04199807344773095,COMPLETE
115,115,31.303130313031303,9.985513160809234e-06,0.03856190378248868,COMPLETE
116,116,40.2040204020402,7.911295796502034e-06,0.044508077356364126,COMPLETE
117,117,39.33393339333933,9.944233351686297e-06,0.03627448278058125,COMPLETE
118,118,37.43374337433744,9.461248664239603e-06,0.03715148640381338,COMPLETE
119,119,47.35473547354736,2.2832244151475105e-06,0.045877286255698146,COMPLETE
120,120,32.983298329832984,2.246224336506795e-06,0.04449839017658848,COMPLETE
121,121,40.914091409140916,2.311961935734745e-06,0.06279081196333852,COMPLETE
122,122,38.97389738973898,2.3886427380603724e-06,0.0603046274391184,COMPLETE
123,123,37.743774377437745,2.1680342575885294e-06,0.05986863209484776,COMPLETE
124,124,46.424642464246425,5.535763156882671e-06,0.05729067568593073,COMPLETE
125,125,38.42384238423842,5.694070509628138e-06,0.03886477862146072,COMPLETE
126,126,32.57325732573258,5.398730195958305e-06,0.04321837322267838,COMPLETE
127,127,33.72337233723373,5.663690600228208e-06,0.04256943860826778,COMPLETE
128,128,32.20322032203221,5.639148275492588e-06,0.056387583309845606,COMPLETE
129,129,40.46404640464046,5.497040181293681e-06,0.05754111359931942,COMPLETE
130,130,40.34403440344035,2.855935552910722e-07,0.04912406522098002,COMPLETE
131,131,40.624062406240625,1.4577286941606363e-07,0.05108064521212924,COMPLETE
132,132,34.17341734173417,4.121084470358876e-07,0.0569308045078574,COMPLETE
133,133,32.56325632563256,5.480986658640198e-07,0.05723012464809573,COMPLETE
134,134,41.37413741374137,1.3888847965938792e-07,0.05792026724093978,COMPLETE
135,135,39.31393139313931,2.7285399957348764e-07,0.057601918903264396,COMPLETE
136,136,31.253125312531253,6.087671181993086e-07,0.05828293961472404,COMPLETE
137,137,42.644264426442646,8.237193577504818e-07,0.05758287431585949,COMPLETE
138,138,32.81328132813282,5.6007262268581745e-06,0.05848942749682885,COMPLETE
139,139,36.47364736473647,5.77029696203139e-06,0.05555431132979004,COMPLETE
140,140,41.5941594159416,5.416352488512292e-06,0.057016343159627975,COMPLETE
141,141,40.1040104010401,5.4061739116316654e-06,0.05780874971460004,COMPLETE
142,142,33.21332133213321,5.3801526891063666e-06,0.0569039253804099,COMPLETE
143,143,31.943194319431946,5.386096037146328e-06,0.05576063360334875,COMPLETE
144,144,38.66386638663866,5.5171299707771216e-06,0.05497045470774249,COMPLETE
145,145,39.653965396539654,6.002314055185737e-06,0.05807699262681912,COMPLETE
146,146,40.134013401340134,5.572425370030823e-06,0.05638160901400502,COMPLETE
147,147,38.77387738773878,5.280993331200544e-06,0.06099559004849766,COMPLETE
148,148,32.653265326532654,5.663235019221494e-06,0.05664584582306767,COMPLETE
149,149,39.15391539153915,5.627252399119223e-06,0.059753859867216805,COMPLETE
150,150,49.14491449144914,5.720332074228282e-06,0.05926260944782316,COMPLETE
151,151,34.94349434943494,4.1736412704217124e-06,0.05955113433488626,COMPLETE
152,152,24.402440244024405,5.687265917314811e-06,0.031074883950054765,COMPLETE
153,153,38.46384638463846,5.461906877744648e-06,0.05617889067122557,COMPLETE
154,154,38.503850385038504,5.610736787409099e-06,0.03158843976732334,COMPLETE
155,155,39.82398239823983,5.498418684902602e-06,0.031891705471033316,COMPLETE
156,156,40.044004400440045,5.5109021995826275e-06,0.0312040367663922,COMPLETE
157,157,45.83458345834583,5.450169041557099e-06,0.055852827825548707,COMPLETE
158,158,28.93289328932893,9.24834211540625e-06,0.0010160447554691948,COMPLETE
159,159,46.77467746774677,9.265148290886527e-06,0.05878496982093763,COMPLETE
160,160,40.244024402440246,5.541195030456177e-06,0.05419367571379849,COMPLETE
161,161,33.29332933293329,5.308193948923226e-06,0.054487512800688774,COMPLETE
162,162,38.01380138013801,5.359340624131877e-06,0.030757595817638508,COMPLETE
163,163,35.583558355835585,5.68644584385354e-06,0.02971457131976892,COMPLETE
164,164,33.25332533253325,5.744363204076022e-06,0.03101618315697432,COMPLETE
165,165,38.453845384538454,5.622281227415464e-06,0.05440122276437254,COMPLETE
166,166,30.523052305230525,9.444502443713677e-06,0.03026818651575687,COMPLETE
167,167,34.3034303430343,5.6444429015878334e-06,0.05360480903152306,COMPLETE
168,168,29.452945294529453,5.4887666211698155e-06,0.061030560435987945,COMPLETE
169,169,38.34383438343835,5.641046705657644e-06,0.03176655153264036,COMPLETE
170,170,45.33453345334533,5.952104241719981e-06,0.030819519417760163,COMPLETE
171,171,30.873087308730874,5.7853850358516185e-06,0.030059362225747663,COMPLETE
172,172,31.473147314731477,5.526341612518143e-06,0.05395304368512226,COMPLETE
173,173,37.95379537953795,8.74271153525434e-06,0.02941634842956289,COMPLETE
174,174,39.06390639063906,8.779834546339646e-06,0.031204457496339044,COMPLETE
175,175,38.81388138813882,8.836986808921086e-06,0.03132237324447281,COMPLETE
176,176,36.053605360536054,9.418512618630768e-06,0.05356729544678382,COMPLETE
177,177,39.183918391839185,8.725367775225644e-06,0.05425917261598901,COMPLETE
178,178,34.21342134213422,8.775256554306213e-06,0.05384550283005647,COMPLETE
179,179,45.59455945594559,9.372308589721121e-06,0.054261092030974,COMPLETE
180,180,38.33383338333833,8.751740686872824e-06,0.03378417817139525,COMPLETE
181,181,39.58395839583959,8.839597292733915e-06,0.053143840380177616,COMPLETE
182,182,37.81378137813781,8.825737204628774e-06,0.030147084402639232,COMPLETE
183,183,37.703770377037706,9.364303651302764e-06,0.030855546218228058,COMPLETE
184,184,38.53385338533853,8.813195613494822e-06,0.05365573289417746,COMPLETE
185,185,36.493649364936495,9.400228010182014e-06,0.031571819680816085,COMPLETE
186,186,31.653165316531652,8.845401031662406e-06,0.05245598106481979,COMPLETE
187,187,30.993099309930994,8.770814814487303e-06,0.03128713009060532,COMPLETE
188,188,38.34383438343835,5.735018347673692e-06,0.029402858483629595,COMPLETE
189,189,37.68376837683768,9.359836855326225e-06,0.03179988370109875,COMPLETE
190,190,37.67376737673767,9.342130313715239e-06,0.030818069036278647,COMPLETE
191,191,38.213821382138214,5.381787048400015e-06,0.04114149182125586,COMPLETE
192,192,38.43384338433843,2.2695101965946707e-06,0.03913726569002083,COMPLETE
193,193,38.893889388938895,2.3304759341125196e-06,0.04183760388871312,COMPLETE
194,194,41.98419841984198,2.304681226337057e-06,0.04163305442227507,COMPLETE
195,195,39.953995399539956,9.412479242495993e-06,0.04120570652570883,COMPLETE
196,196,39.993999399939995,5.374351931386963e-06,0.04149828549203771,COMPLETE
197,197,39.69396939693969,2.2157274783083596e-06,0.04084077246343298,COMPLETE
198,198,39.34393439343935,5.920450414471492e-06,0.04165949292830246,COMPLETE
199,199,39.1039103910391,9.42414753348211e-06,0.040900366380148476,COMPLETE
200,200,41.47414741474147,9.370692426525754e-06,0.04107029995959419,COMPLETE
201,201,46.234623462346235,9.336571571540001e-06,0.034474657603633996,COMPLETE
202,202,32.703270327032705,9.347952585629079e-06,0.04104578893575972,COMPLETE
203,203,39.473947394739476,9.421342853795095e-06,0.04114052516484313,COMPLETE
204,204,42.344234423442344,7.531539826761059e-06,0.041512570650100694,COMPLETE
205,205,40.374037403740374,7.954424830189968e-06,0.03428921433145145,COMPLETE
206,206,39.00390039003901,9.377755263994319e-06,0.04066822908858923,COMPLETE
207,207,39.69396939693969,9.363784890846336e-06,0.03425498054978082,COMPLETE
208,208,39.283928392839286,9.379404571960676e-06,0.035612630588240435,COMPLETE
209,209,45.58455845584559,9.329052684625463e-06,0.03450809278198949,COMPLETE
210,210,45.64456445644565,8.722067098391583e-06,0.04374440263951178,COMPLETE
211,211,37.1037103710371,9.38599787277061e-06,0.034584455438921864,COMPLETE
212,212,35.98359835983598,9.320565478033941e-06,0.0344598506173536,COMPLETE
213,213,32.39323932393239,9.408982173754159e-06,0.03397753105297451,COMPLETE
214,214,32.15321532153215,9.445295287788314e-06,0.05169709655502018,COMPLETE
215,215,40.324032403240324,9.376857717139024e-06,0.034583221688902856,COMPLETE
216,216,32.893289328932894,9.313645176572352e-06,0.052412477044719644,COMPLETE
217,217,38.56385638563856,8.008529835316505e-06,0.03918624265156004,COMPLETE
218,218,45.49454945494549,7.508025688441955e-06,0.05236698438870831,COMPLETE
219,219,39.87398739873987,7.035360279866125e-06,0.05171859214760398,COMPLETE
220,220,31.503150315031505,9.444381950366137e-06,0.08391165158762079,COMPLETE
221,221,40.334033403340335,9.441066685701305e-06,0.0340556763355931,COMPLETE
222,222,38.43384338433843,8.696256920031649e-06,0.03436265522043952,COMPLETE
223,223,36.33363336333633,9.460861131383944e-06,0.052345579750246056,COMPLETE
224,224,45.58455845584559,9.358747581956086e-06,0.029684353713652193,COMPLETE
225,225,38.503850385038504,8.731821897210206e-06,0.05340418264365842,COMPLETE
226,226,39.31393139313931,9.367364677839908e-06,0.05240726839968086,COMPLETE
227,227,37.68376837683768,7.496566653280295e-06,0.05132369083992232,COMPLETE
228,228,34.36343634363436,6.006464919888983e-06,0.026896021935343947,COMPLETE
229,229,38.23382338233824,6.126679807316583e-06,0.033975910517831734,COMPLETE
230,230,33.223322332233224,8.743468490112575e-06,0.08418632426082068,COMPLETE
231,231,39.91399139913992,8.723112284349513e-06,0.034006177206556035,COMPLETE
232,232,37.82378237823782,1.4924194722110184e-06,0.028114022868172852,COMPLETE
233,233,31.753175317531753,5.9704984449224575e-06,0.03447232688661451,COMPLETE
234,234,40.2040204020402,6.2665463568598e-06,0.033345527576274,COMPLETE
235,235,38.68386838683868,5.940536551603322e-06,0.027932919218610564,COMPLETE
236,236,37.77377737773777,6.025346322064437e-06,0.05322545685647977,COMPLETE
237,237,41.4041404140414,6.1044330611276715e-06,0.07089954846318915,COMPLETE
238,238,33.283328332833285,8.687186621573975e-06,0.028371106908184947,COMPLETE
239,239,39.15391539153915,8.71619813845604e-06,0.03388279866893637,COMPLETE
240,240,37.51375137513752,6.037339157826209e-06,0.03435583401277753,COMPLETE
241,241,41.574157415741574,1.457929286592239e-06,0.02961838611259715,COMPLETE
242,242,39.07390739073907,8.748378859340835e-06,0.0337184452216541,COMPLETE
243,243,39.173917391739174,7.453855231640309e-06,0.024862121712943573,COMPLETE
244,244,38.073807380738074,9.296956703389223e-06,0.03379179437294043,COMPLETE
245,245,32.62326232623262,8.752037639309006e-06,0.033968358538471105,COMPLETE
246,246,40.7040704070407,8.741080884328283e-06,0.0844704923630905,COMPLETE
247,247,38.273827382738276,7.474536416667745e-06,0.024076478957005945,COMPLETE
248,248,40.02400240024002,7.053983592860481e-06,0.08451726736937148,COMPLETE
249,249,40.5040504050405,1.4528330505937757e-06,0.08401545141355875,COMPLETE
250,250,39.68396839683969,1.33759516711948e-06,0.040462438686510366,COMPLETE
251,251,39.54395439543955,1.4199524847463677e-06,0.08440586886118571,COMPLETE
252,252,42.88428842884288,6.446339579704587e-06,0.08350413862211742,COMPLETE
253,253,37.44374437443744,9.410044532754225e-06,0.028879572423181073,COMPLETE
254,254,38.46384638463846,1.4995557533833564e-06,0.02304449646945344,COMPLETE
255,255,38.06380638063806,1.4027608055666038e-06,0.02408813878089189,COMPLETE
256,256,44.074407440744075,6.134174304216848e-06,0.023942011486992754,COMPLETE
257,257,35.65356535653565,1.4791059156672603e-06,0.02631561000681197,COMPLETE
258,258,40.17401740174017,1.3377585400194397e-06,0.022519879773576452,COMPLETE
259,259,38.72387238723872,1.3188552943584707e-06,0.02514914604415132,COMPLETE
260,260,40.614061406140614,7.015108349841047e-06,0.04005980833204754,COMPLETE
261,261,37.363736373637366,1.3247673970079168e-06,0.05160906493038764,COMPLETE
262,262,38.603860386038605,1.4298416703719464e-06,0.02759958725948503,COMPLETE
263,263,38.34383438343835,6.516056261766245e-06,0.03428038863073711,COMPLETE
264,264,22.812281228122814,6.458815450405426e-06,0.05187511858020946,COMPLETE
265,265,38.15381538153815,7.094406020108638e-06,0.02741262971727256,COMPLETE
266,266,38.29382938293829,1.4450735562333073e-06,0.02264795613850548,COMPLETE
267,267,40.324032403240324,7.099081372222781e-06,0.08311259699934537,COMPLETE
268,268,43.62436243624362,9.703949086805034e-06,0.02813376071440969,COMPLETE
269,269,37.05370537053705,9.694350415625287e-06,0.026137153421849073,COMPLETE
270,270,45.13451345134513,7.112269452900266e-06,0.023136248568079075,COMPLETE
271,271,38.693869386938694,1.4170472597588936e-06,0.024057652967501342,COMPLETE
272,272,36.253625362536255,7.02035410821593e-06,0.08458194819397,COMPLETE
273,273,43.70437043704371,7.4859000861664634e-06,0.08317604984273914,COMPLETE
274,274,39.29392939293929,9.692390632407151e-06,0.025285036568344462,COMPLETE
275,275,34.37343734373437,9.749220128519345e-06,0.02542374735173581,COMPLETE
276,276,41.724172417241725,9.676564426388223e-06,0.08519392188130238,COMPLETE
277,277,30.533053305330533,1.4747248083714812e-06,0.0246430414671463,COMPLETE
278,278,43.394339433943394,1.4483546455526959e-06,0.08472403932608216,COMPLETE
279,279,31.103110311031102,7.53593960102324e-06,0.08406211350734505,COMPLETE
280,280,34.423442344234424,6.323811501468659e-06,0.08419270426321346,COMPLETE
281,281,31.06310631063106,7.046428017397921e-06,0.02532200443337316,COMPLETE
282,282,45.59455945594559,6.5081584585876694e-06,0.07119952719168793,COMPLETE
283,283,43.23432343234324,7.604305074430359e-06,0.027771370489329827,COMPLETE
284,284,38.68386838683868,1.3362644393174702e-06,0.023902317082476667,COMPLETE
285,285,38.34383438343835,1.3062399125504213e-06,0.023285687104525592,COMPLETE
286,286,39.2039203920392,1.4058730238674638e-06,0.025778776428667088,COMPLETE
287,287,39.49394939493949,7.530594189229167e-06,0.02402867043769371,COMPLETE
288,288,37.38373837383738,6.29080659027733e-06,0.016553855173493753,COMPLETE
289,289,38.77387738773878,1.363590640383025e-06,0.025897094343432087,COMPLETE
290,290,40.474047404740475,7.582504564591187e-06,0.06412682701604536,COMPLETE
291,291,38.34383438343835,1.3752763176640458e-06,0.02231757569335734,COMPLETE
292,292,40.134013401340134,6.524854399666949e-06,0.023368961169300765,COMPLETE
293,293,43.33433343334334,7.49664303962534e-06,0.0727187463199159,COMPLETE
294,294,38.57385738573858,7.55961776894875e-06,0.021444319576100955,COMPLETE
295,295,,9.715889244134151e-06,0.027137172970689134,RUNNING
296,296,,7.5828247426491455e-06,0.024301300176564903,RUNNING
297,297,,1.4552914080738653e-06,0.023452985753778417,RUNNING
298,298,,7.54776975630666e-06,0.024994738155920734,RUNNING
299,299,34.25342534253426,6.490505136693987e-06,0.023021479490983137,COMPLETE
300,300,36.99369936993699,6.535494153629304e-06,0.06264512991173078,COMPLETE
301,301,,6.471895877320662e-06,0.025540016345322776,RUNNING
302,302,36.633663366336634,6.326476915343668e-06,0.02494625531594364,COMPLETE
303,303,46.574657465746576,6.2340579558235805e-06,0.026996162223477983,COMPLETE
304,304,,6.463325840418792e-06,0.024186150361551178,RUNNING
305,305,,6.36454595581211e-06,0.02527938891583723,RUNNING
306,306,,6.520505563273397e-06,0.023676156328698957,RUNNING
307,307,,6.366198717779583e-06,0.023124879783804425,RUNNING
308,308,,7.49924521854651e-06,0.023368183347415913,RUNNING
309,309,,9.671488008043722e-06,0.024686643595719225,RUNNING
310,310,,6.4668215386964505e-06,0.045029172721663284,RUNNING
311,311,,9.105185869416807e-06,0.02307125242234613,RUNNING
312,312,,6.3559919605204165e-06,0.026483163888687343,RUNNING
313,313,39.07390739073907,6.248598019958466e-06,0.02448157059748354,COMPLETE
314,314,,9.726227370136505e-06,0.021748201892558806,RUNNING
315,315,,6.4291153700241985e-06,0.022891864090742446,RUNNING
316,316,,6.4359048525738046e-06,0.02324597760271172,RUNNING
317,317,,6.233609888760845e-06,0.021761843135298314,RUNNING
318,318,45.76457645764577,7.476450392033373e-06,0.044722197717337944,COMPLETE
319,319,,9.692327461536375e-06,0.04600348197989767,RUNNING
320,320,,6.425201248107637e-06,0.045864426806606344,RUNNING
321,321,41.95419541954195,6.045959904685394e-06,0.04609388629675556,COMPLETE
322,322,30.993099309930994,7.613045381185542e-06,0.04575791751976603,COMPLETE
323,323,,9.659080447714166e-06,0.04579124741596421,RUNNING
324,324,39.67396739673967,9.696728125073342e-06,0.04594106211233851,COMPLETE
325,325,39.843984398439844,7.4257798193509315e-06,0.045260000671782055,COMPLETE
326,326,39.123912391239124,6.085627406600171e-06,0.04480194678293798,COMPLETE
327,327,,9.68531856533895e-06,0.04557091031832727,RUNNING
328,328,39.00390039003901,9.721760272719369e-06,0.04563649147747897,COMPLETE
329,329,37.95379537953795,6.388618757666327e-06,0.020923025566594054,COMPLETE
330,330,,6.133404073154298e-06,0.021575032009663885,RUNNING
331,331,39.06390639063906,9.79398304056983e-06,0.045883258077836706,COMPLETE
332,332,39.703970397039704,9.05437160094767e-06,0.04614874909223855,COMPLETE
333,333,41.334133413341334,9.70930156711217e-06,0.046643918524480084,COMPLETE
334,334,,9.780874152940322e-06,0.021023099643120213,RUNNING
335,335,40.11401140114012,6.106955413690651e-06,0.044371477128063684,COMPLETE
336,336,39.463946394639464,9.036887268945017e-06,0.04629838517224877,COMPLETE
337,337,36.18361836183618,8.34263673204418e-06,0.046760530778438475,COMPLETE
338,338,,8.415809451221337e-06,0.04557950036719876,RUNNING
339,339,32.223222322232225,8.49176301269137e-06,0.046126783644035475,COMPLETE
340,340,37.843784378437846,9.703018797531877e-06,0.04684530201310017,COMPLETE
341,341,47.994799479948,9.01026464355613e-06,0.045582027733670843,COMPLETE
342,342,42.004200420042004,9.764650051677097e-06,0.045925694144140806,COMPLETE
343,343,39.093909390939096,9.746845790192467e-06,0.043267117774863216,COMPLETE
344,344,40.27402740274027,8.389172562131614e-06,0.04635700846551737,COMPLETE
345,345,40.21402140214022,9.713430762971981e-06,0.046784596790222274,COMPLETE
346,346,39.4039403940394,8.467264628250343e-06,0.045385274730060626,COMPLETE
347,347,37.68376837683768,9.07364466229732e-06,0.04606597842357138,COMPLETE
348,348,32.983298329832984,9.051616755982071e-06,0.046169812261449984,COMPLETE
349,349,,8.349657703686714e-06,0.04653555045595764,RUNNING
350,350,,9.765234758624716e-06,0.045969278938357276,RUNNING
351,351,45.35453545354535,8.486817599283218e-06,0.04672262352131092,COMPLETE
352,352,38.453845384538454,9.096596949151186e-06,0.04506616950405409,COMPLETE
353,353,45.57455745574558,9.786843222294629e-06,0.04381169445949429,COMPLETE
354,354,38.90389038903891,9.072748292892421e-06,0.045635671484741555,COMPLETE
355,355,36.70367036703671,9.80111074728684e-06,0.020745301042837345,COMPLETE
356,356,46.4046404640464,9.077930646858896e-06,0.04721947701336897,COMPLETE
357,357,38.313831383138314,9.041979692076421e-06,0.0635120348491752,COMPLETE
358,358,39.21392139213921,8.321973868161354e-06,0.04596610594833126,COMPLETE
359,359,,8.306417386928728e-06,0.045311432277001094,RUNNING
360,360,39.54395439543955,8.397893848360526e-06,0.04507624138313243,COMPLETE
361,361,,9.050290752183873e-06,0.04564047653594823,RUNNING
362,362,,9.030795227295563e-06,0.0461386883774687,RUNNING
363,363,,9.757134426200267e-06,0.04628495671844899,RUNNING
364,364,36.88368836883688,9.065185804784697e-06,0.045539348813972855,COMPLETE
365,365,,9.113413373302072e-06,0.04587304647953646,RUNNING
366,366,,8.355178848533823e-06,0.017049027390107878,RUNNING
367,367,45.86458645864587,9.083875754144647e-06,0.04496334671055944,COMPLETE
368,368,40.1040104010401,9.071020518839767e-06,0.04611990187115759,COMPLETE
369,369,22.922292229222922,9.047207940113428e-06,0.08988655943604801,COMPLETE
370,370,,9.062540795157247e-06,0.04593243319599472,RUNNING
371,371,,9.117604319076742e-06,0.04661879655521153,RUNNING
372,372,,8.251790423770335e-06,0.04561885796337607,RUNNING
373,373,,9.043507764732541e-06,0.046059148915507525,RUNNING
374,374,,9.067331413924246e-06,0.04552689054746223,RUNNING
375,375,,8.36011972505248e-06,0.04614585319996369,RUNNING
376,376,,9.084344037895594e-06,0.04593773856339355,RUNNING
377,377,,4.894958566787166e-06,0.04610679380095015,RUNNING
378,378,,9.116188908210013e-06,0.04578941178807701,RUNNING
379,379,,8.471984093207427e-06,0.07514108520268803,RUNNING
380,380,,9.086862539898938e-06,0.04671684150240402,RUNNING
381,381,,9.068225891025942e-06,0.04672877102654263,RUNNING
382,382,,6.7102535768930625e-06,0.04601222525146311,RUNNING
383,383,,6.664961704206546e-06,0.06477738576230778,RUNNING
384,384,,9.047688132219866e-06,0.04630842546385688,RUNNING
385,385,,9.148406540713199e-06,0.07669764852656455,RUNNING
386,386,,5.1128842313438436e-06,0.04494141178922951,RUNNING
387,387,,9.126133395546594e-06,0.04712644221657609,RUNNING
388,388,,9.06793025930682e-06,0.045738154517745384,RUNNING
389,389,,9.06650858928853e-06,0.07561769999227864,RUNNING
390,390,,4.445815542948127e-06,0.06425914885086526,RUNNING
391,391,,9.015513993569162e-06,0.0755142417978962,RUNNING
392,392,,7.2585481423890215e-06,0.07581536242708978,RUNNING
393,393,,5.064879045490098e-06,0.07624889855849872,RUNNING
394,394,,9.15256051523341e-06,0.06302620546839188,RUNNING
395,395,,9.075417905457762e-06,0.06421963370646883,RUNNING
396,396,,5.106083602968796e-06,0.07401727692736236,RUNNING
397,397,,9.014582637172536e-06,0.07305864867590917,RUNNING
398,398,,6.708473461525102e-06,0.049885482743955906,RUNNING
399,399,,6.623691170138574e-06,0.06846433511134799,RUNNING
400,400,,9.124681451463844e-06,0.07525096791747178,RUNNING
401,401,,9.026836893516413e-06,0.04955979304032477,RUNNING
402,402,,6.691031053129956e-06,0.06345011957380388,RUNNING
403,403,,4.4138972356042754e-06,0.06521903387257716,RUNNING
404,404,,4.9369009056022916e-06,0.015813763875596687,RUNNING
405,405,,5.012660426500543e-06,0.07582342671003017,RUNNING
406,406,,6.669466898793803e-06,0.07896086015513977,RUNNING
407,407,,6.628068210344357e-06,0.0761411054291028,RUNNING
408,408,,5.088335379125125e-06,0.07637583193955466,RUNNING
409,409,,5.021814625962286e-06,0.06753458676685149,RUNNING
410,410,,6.659981888068369e-06,0.01703721222516403,RUNNING
411,411,,4.883713721725057e-06,0.061569495058851405,RUNNING
412,412,,4.970920015305482e-06,0.07599025713208409,RUNNING
413,413,,5.1080855436935404e-06,0.06576399460477582,RUNNING
414,414,,5.105744978013623e-06,0.07646672763655224,RUNNING
415,415,,6.646621424310838e-06,0.04924000399523095,RUNNING
416,416,,9.06528807305098e-06,0.04971509854443858,RUNNING
417,417,,6.688942956393321e-06,0.017176011678630435,RUNNING
418,418,,6.6616791717380495e-06,0.06960668348036782,RUNNING
419,419,,4.548984854696476e-06,0.0697697471494176,RUNNING
420,420,,6.831270648390442e-06,0.07536747507797886,RUNNING
421,421,,6.561010294027806e-06,0.03667936512599566,RUNNING
422,422,,4.908768204418416e-06,0.0494228152413823,RUNNING
423,423,,4.498525758291625e-06,0.049748960512954694,RUNNING
424,424,,9.055520160126627e-06,0.049490463778087426,RUNNING
425,425,,6.8032577672052305e-06,0.04927648159562143,RUNNING
426,426,,4.9765199415835e-06,0.07599433715878129,RUNNING
427,427,,3.2654259570999166e-06,0.0744643168415362,RUNNING
428,428,,8.105062454760352e-06,0.07496836495237695,RUNNING
429,429,,6.715551101980043e-06,0.06805976477162838,RUNNING
430,430,,4.5971079767301514e-06,0.049752873667227554,RUNNING
431,431,,5.1558700255220874e-06,0.04927251612837432,RUNNING
432,432,,5.089233624614867e-06,0.048927932292614724,RUNNING
433,433,,3.3771540425265436e-06,0.0696975255012696,RUNNING
434,434,,4.989638877078028e-06,0.07592653907978997,RUNNING
435,435,,8.923075955127368e-07,0.04907636351209507,RUNNING
436,436,,4.8584189742055964e-06,0.07576216456722118,RUNNING
